epoch,train_loss,lr,val_loss,val_macro_f1,val_top1,val_ece,epoch_seconds
1,1.4910470003761895,0.0001,1.6043927496550798,0.15025252819870508,0.4861468151956584,0.0967961797643409,12.648480896954425
2,1.294387894796162,9.797464868072488e-05,1.4936315653256709,0.23824626445579908,0.4944301628106255,0.049225419921488205,12.404109814029653
3,1.209565589522443,9.206267664155907e-05,1.2750179032808167,0.28406980964995787,0.5581262496429592,0.07342687384532677,12.287019662966486
4,1.1215638629183537,8.274303669726426e-05,1.299778885124275,0.39197954162467075,0.5432733504712939,0.04047594446517577,12.59156042302493
5,1.0535589858162693,7.077075065009433e-05,1.2559309010504314,0.3623595366535782,0.6041131105398457,0.039267095301158766,12.27255548298126
6,1.0109929938505335,5.7115741913664264e-05,1.1169590784699124,0.44985720624672265,0.6146815195658384,0.015861860677808457,12.482819772034418
7,0.954355079771542,4.288425808633575e-05,1.3648305035801964,0.42079340194304926,0.5438446158240503,0.02050625024881066,12.304245469043963
8,0.901223381663241,2.9229249349905684e-05,1.151704484719748,0.4672016835749818,0.6066838046272494,0.026650550696755173,12.220211239007767
9,0.8643769674548288,1.725696330273575e-05,1.0251301626960265,0.5021796045588038,0.6520994001713796,0.023059434880191552,12.831586096959654
10,0.8435844175699281,7.937323358440935e-06,0.9998424061534406,0.5208229750532587,0.6558126249642959,0.020697875461793566,12.265770332014654
11,0.8148648286374603,2.0253513192751373e-06,0.9689704877960447,0.5203923523769258,0.6595258497572122,0.03451164155747338,12.216640738013666
12,0.8099412556465079,0.0,0.9824394590512101,0.5274708709801526,0.6600971151099686,0.02926470228209901,12.236842926999088
